Model,Train R2 FD001,Train RMSE FD001,Test R2 FD001,Test RMSE FD001,Train R2 FD002,Train RMSE FD002,Test R2 FD002,Test RMSE FD002,Train R2 FD003,Train RMSE FD003,Test R2 FD003,Test RMSE FD003,Train R2 FD004,Train RMSE FD004,Test R2 FD004,Test RMSE FD004
LSTMModel,-0.11291003227233887,43.62330007656817,-0.263546347618103,46.711665955391965,0.8959044218063354,13.294373112159613,0.7895607948303223,24.670296616705887,0.9518817067146301,9.207878504318623,0.880457878112793,14.31247867765879,0.9339160323143005,10.825305918540153,0.808770477771759,23.84314588028916
