Model,Train R2 FD001,Train RMSE FD001,Test R2 FD001,Test RMSE FD001
LSTMModel,0.5586106777191162,27.472575992080266,-0.32360589504241943,47.80893828645565
