Model,Train R2 FD002,Train RMSE FD002,Test R2 FD002,Test RMSE FD002
LSTMModel,-1.0962564945220947,59.65872383883287,-1.0335628986358643,76.69019962648422
