Model,Train R2 FD002,Train RMSE FD002,Test R2 FD002,Test RMSE FD002
LSTMModel,-1.7913932800292969,69.08742126714348,-2.144986391067505,73.69519282363335
