Model,Train R2 FD004,Train RMSE FD004,Test R2 FD004,Test RMSE FD004
LSTMModel,0.8771451711654663,14.760063746865168,0.7882114052772522,25.09211909978846
