Model,Train R2 FD003,Train RMSE FD003,Test R2 FD003,Test RMSE FD003
LSTMModel,0.9172510504722595,12.07495612537319,0.863548994064331,15.29124301805152
